LIArea,Area,LSArea,LIProporcion,Proporcion,LSProporcion,n
70705192.87952574,71938747.29048453,73172301.70144333,0.6990200831864327,0.7112155001260717,0.7234109170657107,9582
